emes,nit,p_saligarda,p_bot,u_mati_pred,u_1a_pred,p8,p11,p14,pic_utc,final_utc,u_dv_pred,wc_min_pred,categoria,nub,nub_baixa,pmsl,dp24,dpNS
2026-09-12 20:21,2026-09-13,0.746,0.226,11.18,12.95,0.813,0.53,0.214,5,9,9.81,18.15,moderada,11,9,1024,1.5,2.8
2026-09-13 17:22,2026-09-14,0.815,0.418,13.16,15.43,0.884,0.612,0.381,5,9,11.52,18.91,notable,3,0,1022.7,-0.9,2.9
2026-09-14 19:13,2026-09-15,0.717,0.443,15.88,18.3,0.865,0.702,0.43,5,9,11.9,20.8,notable,0,0,1020.5,-2.7,2
2026-09-15 18:06,2026-09-16,0.375,0.036,8.02,9.25,0.483,0.198,0.039,5,9,6.97,19.6,fluixa,55,32,1018.2,-1.9,3.9
2026-09-16 18:07,2026-09-17,0.139,0.002,1.54,2.13,0.12,0.017,0.002,5,9,3.84,17.44,practicament nul.la,98,80,1018.6,0,3.8
2026-09-17 18:06,2026-09-18,0.104,0.001,3.04,2.93,0.152,0.023,0,5,9,4.04,16.44,practicament nul.la,97,72,1017,-1.1,3.2
2026-09-18 17:38,2026-09-19,0.675,0.095,10.94,11.9,0.794,0.424,0.089,5,9,9.16,16.09,moderada,31,8,1021,4.2,3.6
2026-09-19 17:09,2026-09-20,0.841,0.535,15.51,15.95,0.859,0.697,0.497,5,9,11.38,16.85,notable,0,0,1025.3,4.5,3.2
2026-09-20 17:23,2026-09-21,0.781,0.451,15.43,17.33,0.884,0.686,0.479,5,9,11.84,18.46,notable,12,0,1025.1,-0.5,4.4
2026-09-21 19:14,2026-09-22,0.756,0.343,14.64,16.3,0.851,0.651,0.368,5,9,11.23,18.85,notable,26,0,1020.6,-4.6,5.1
2026-09-22 18:02,2026-09-23,0.826,0.452,14.9,15.66,0.845,0.679,0.484,5,9,11.1,16.77,notable,4,4,1021.9,2,2.4
2026-09-23 15:14,2026-09-24,0.826,0.409,15.29,17.48,0.871,0.692,0.429,5,9,11.52,17.42,notable,8,0,1023.7,1.9,2
2026-09-24 18:23,2026-09-25,0.835,0.543,16.44,18.92,0.861,0.712,0.504,5,9,12.51,19.17,notable,4,0,1018.8,-5.4,3
2026-09-25 18:27,2026-09-26,0.858,0.316,14.67,16.91,0.869,0.669,0.323,5,9,11.2,18.17,notable,12,0,1021.7,3.7,3.1
2026-09-26 17:43,2026-09-27,0.737,0.178,12.51,13.65,0.799,0.434,0.15,5,9,9.7,16.64,moderada,18,10,1021.6,-0.2,0.1
2026-09-27 18:14,2026-09-28,0.484,0.033,8.18,8.59,0.581,0.329,0.035,5,9,7.31,17.71,fluixa,99,37,1020.3,-1.8,0.5
2026-09-28 20:29,2026-09-29,0.396,0.063,7.42,6.54,0.468,0.271,0.082,5,9,6.62,18.3,fluixa,98,62,1019.7,-0.4,0.3
2026-09-29 19:16,2026-09-30,0.458,0.126,8.3,9.74,0.562,0.257,0.11,5,9,7.49,18.22,fluixa,54,21,1020,0.7,-1.4
2026-09-30 19:06,2026-10-01,0.526,0.13,10.48,10.33,0.783,0.338,0.107,5,9,8.71,18.71,moderada,75,9,1020.5,0.1,3.4
2026-10-01 19:24,2026-10-02,0.44,0.079,7.3,6.65,0.575,0.309,0.095,5,9,6.94,16.82,fluixa,100,24,1026.4,5,4.1
2026-10-02 19:08,2026-10-03,0.508,0.118,8.57,8.06,0.568,0.328,0.126,5,9,7.31,16.56,fluixa,99,45,1025.2,-2,2.9
2026-10-03 17:53,2026-10-04,0.227,0.054,1.77,0.74,0.239,0.162,0.066,5,9,4.09,18.11,practicament nul.la,100,80,1021.5,-3.9,4.9
2026-10-04 18:05,2026-10-05,0.477,0.056,8.11,8.36,0.572,0.273,0.059,5,9,7.19,17.5,fluixa,93,34,1021.5,-0.4,4.3
2026-10-05 21:27,2026-10-06,0.504,0.038,9.82,9.76,0.675,0.304,0.048,5,9,7.62,16.12,fluixa,61,45,1019.2,-2.2,1.2
2026-10-06 16:59,2026-10-07,0.179,0.007,2.82,4.11,0.22,0.034,0.001,5,9,4.23,16.14,practicament nul.la,98,41,1012.4,-8,-0.5
